<?xml version="1.0" encoding="UTF-8" standalone="yes"?>
<addon id="repository.play" name="[COLOR forestgreen][B]play[/COLOR][/B]" version="0.7.4" provider-name="Play">
	<extension point="xbmc.addon.repository" name="play">
		<dir>
			<info compressed="false">https://raw.githubusercontent.com/Tr500-1975/play/master/addons.xml</info>
			<checksum>https://raw.githubusercontent.com/Tr500-1975/play/master/addons.xml.md5</checksum>
			<datadir zip="true">https://raw.githubusercontent.com/Tr500-1975/play/master</datadir>
		</dir>
		<dir>
		  <info compressed="false">https://raw.githubusercontent.com/Gujal00/smrzips/master/addons.xml</info>
		  <checksum>https://raw.githubusercontent.com/Gujal00/smrzips/master/addons.xml.md5</checksum>
		  <datadir zip="true">https://raw.githubusercontent.com/Gujal00/smrzips/master/zips/</datadir>
		</dir>
	</extension>
	<extension point="xbmc.addon.metadata">
        <summary lang="es">play Repository</summary>
        <description lang="es">Bienvenido al repositorio de play</description>
        <summary lang="es">play Repository</summary>
        <description lang="es">Download and install play</description>
        <platform>all</platform>
		<assets>
			<icon>icon.png</icon>
		</assets>
    </extension>
</addon>
